,BindsNET_cpu,BindsNET_gpu,BRIAN2,PyNEST
100,0.12909150123596191,0.4035685062408447,0.5939552783966064,0.11034488677978516
200,0.15364360809326172,0.4143693447113037,0.3986787796020508,0.4312293529510498
300,0.17067790031433105,0.432248592376709,0.420180082321167,0.7499961853027344
