,BindsNET_cpu,BindsNET_gpu,BRIAN2,PyNEST,BRIAN2GENN,BRIAN2GENN (w/ comp.),ANNarchy_cpu
100,0.12071800231933595,0.3647432327270508,0.5742473602294922,0.09932661056518556,0.1727921962738037,23.95112657546997,0.750777006149292
200,0.16145658493041992,0.4049806594848633,0.39089179039001465,0.23697519302368164,0.18616867065429688,23.88892388343811,0.16476798057556152
300,0.17426466941833496,0.4574806690216065,0.4098529815673828,0.4287376403808594,0.15344595909118652,24.408509731292725,0.16833710670471191
400,0.20147943496704104,0.4728562831878662,0.42441487312316895,0.6972477436065674,0.15268421173095706,23.92293739318848,0.19630098342895508
500,0.21992087364196766,0.4788892269134522,0.4345569610595703,1.0366597175598145,0.13512229919433594,23.61106848716736,0.2223050594329834
