,BindsNET_cpu,BindsNET_gpu,BRIAN2,PyNEST
500,0.2095179557800293,0.4277040958404541,0.6442244052886963,1.0715248584747314
1000,0.3084077835083008,0.5118856430053711,0.5772225856781006,3.9379324913024902
1500,0.4033961296081543,0.5591089725494385,0.6987490653991699,9.392365217208862
2000,0.5336971282958984,0.6126952171325684,0.8654592037200928,
2500,0.7501835823059082,0.658698558807373,1.0713269710540771,
