,BindsNET_cpu,BindsNET_gpu,BRIAN2,BRIAN2GENN,BRIAN2GENN comp.,PyNEST
100,0.19044065475463867,3.6853888034820557,0.018374,0.227612,32.79214813183594,0.12656044960021973
200,0.32772207260131836,3.6951537132263184,0.03441,0.251121,32.82347063665772,0.37213706970214844
300,0.2720820903778076,3.6959526538848877,0.048107,0.266686,32.951215945114136,0.6177630424499512
