,BindsNET_cpu,BindsNET_gpu,BRIAN2,BRIAN2GENN,BRIAN2GENN comp.,PyNEST
100,0.13718223571777344,0.4205811023712158,0.824535608291626,0.23964905738830566,26.64886450767517,0.12075042724609375
200,0.19756174087524414,0.5403006076812744,0.5423393249511719,0.18652677536010742,26.42180895805359,0.28533172607421875
