,BindsNET_cpu,BindsNET_gpu,BRIAN2,PyNEST
100,0.13115143775939941,0.40294647216796875,0.5791323184967041,0.9227428436279297
200,0.18333077430725098,0.42498111724853516,0.4056539535522461,1.6747982501983643
