,bindsnet_cpu,bindsnet_gpu,brian,neuron,nest
100,0.16980433464050293,2.627934455871582,0.6081845760345459,0.004838466644287109,1.6689300537109375e-06
200,0.15639615058898926,0.43060970306396484,0.3940584659576416,0.005861759185791016,1.430511474609375e-06
