,BindsNET_cpu,BindsNET_gpu,BRIAN2,PyNEST,BRIAN2GENN,BRIAN2GENN (w/ comp.)
250,0.24053716659545898,0.43133974075317383,0.6441750526428223,0.33587002754211426,0.22639226913452148,24.413956880569458
500,0.21601176261901855,0.464585542678833,0.45313048362731934,1.2435812950134277,0.19455242156982422,24.455525398254395
