,BindsNET_cpu,BindsNET_gpu,BRIAN2,PyNEST
100,0.13468170166015625,0.4075958728790283,0.581510066986084,0.1496126651763916
200,0.15719985961914062,0.412630558013916,0.3918120861053467,0.5502586364746094
300,0.17835092544555664,0.4314908981323242,0.42439818382263184,0.7751753330230713
400,0.18879294395446777,0.4305438995361328,0.4253530502319336,1.337684154510498
500,0.21871423721313477,0.45879220962524414,0.4495065212249756,1.9802353382110596
