{"initial_reset_timestamp": 1540913090.346127, "timestamps": [1540913091.3844953, 1540913092.3412492, 1540913093.2051501, 1540913093.9540517, 1540913094.5744474, 1540913095.4855435, 1540913096.122633, 1540913096.6125388, 1540913097.5040622, 1540913098.1673982, 1540913099.0608368, 1540913099.590833, 1540913100.1741073, 1540913100.6241055, 1540913101.0838764, 1540913101.6441007, 1540913102.2280781, 1540913102.6897626], "episode_lengths": [185, 270, 247, 211, 176, 258, 180, 139, 254, 185, 255, 149, 161, 126, 129, 160, 162, 129], "episode_rewards": [1.0, 3.0, 2.0, 2.0, 1.0, 3.0, 1.0, 0.0, 2.0, 1.0, 3.0, 0.0, 1.0, 0.0, 0.0, 1.0, 1.0, 0.0], "episode_types": ["t", "t", "t", "t", "t", "t", "t", "t", "t", "t", "t", "t", "t", "t", "t", "t", "t", "t", "t", "t"]}