{"initial_reset_timestamp": 1540914444.5050685, "timestamps": [1540914445.6012163, 1540914446.2523246, 1540914446.931752, 1540914447.5715938, 1540914448.11766, 1540914448.57888, 1540914449.350674, 1540914449.8728924, 1540914450.506047, 1540914451.6471474], "episode_lengths": [197, 188, 193, 179, 155, 130, 220, 143, 157, 289], "episode_rewards": [2.0, 1.0, 1.0, 1.0, 1.0, 0.0, 2.0, 0.0, 1.0, 3.0], "episode_types": ["t", "t", "t", "t", "t", "t", "t", "t", "t", "t", "t"]}