{"initial_reset_timestamp": 1540913119.684772, "timestamps": [1540913120.5009236, 1540913121.020035, 1540913121.5157604, 1540913122.1702778, 1540913122.7870147, 1540913123.383075, 1540913124.08257, 1540913124.9090183, 1540913125.5879598, 1540913126.332142, 1540913126.807955, 1540913127.4395256, 1540913128.0358324, 1540913128.5696292, 1540913129.1708295, 1540913129.7066855, 1540913130.3104124, 1540913131.6510918, 1540913132.1632364, 1540913132.6809688, 1540913133.1710722, 1540913134.03212, 1540913134.5262036, 1540913135.3671668, 1540913135.845595, 1540913136.9450471, 1540913137.4251783, 1540913137.9042602, 1540913138.3636653, 1540913138.845125, 1540913139.3399887, 1540913139.830014, 1540913140.3681808, 1540913141.041629, 1540913141.5064685, 1540913142.3235505, 1540913143.0615554, 1540913143.6632273, 1540913144.1303594, 1540913144.5902936, 1540913145.1375787, 1540913146.1059802, 1540913146.7150123, 1540913147.357792, 1540913148.4338846, 1540913148.9992254, 1540913149.4768622, 1540913150.2103083, 1540913150.7325706, 1540913151.338848, 1540913152.1505926, 1540913152.870498, 1540913153.3617477, 1540913154.2670653, 1540913154.931423, 1540913155.4740615, 1540913155.9329262, 1540913156.4219153, 1540913157.130344, 1540913157.6727211, 1540913158.2061641, 1540913158.7102706, 1540913159.2316425, 1540913159.8000164, 1540913160.328828, 1540913161.259502, 1540913161.9201655, 1540913162.515165, 1540913163.0096474, 1540913163.7033217, 1540913164.600999, 1540913165.042197, 1540913165.6165724, 1540913166.082068, 1540913166.97073, 1540913167.4193099, 1540913168.042495, 1540913168.898693, 1540913169.339567, 1540913169.7762146, 1540913170.6249156, 1540913171.3371692, 1540913172.0344825, 1540913172.4969068, 1540913173.0919898, 1540913173.5443478, 1540913174.000542, 1540913174.6013653, 1540913175.4084, 1540913175.8376102, 1540913176.27861, 1540913176.9571397, 1540913177.3929775, 1540913178.4631212, 1540913179.127923, 1540913179.6465693, 1540913180.096325, 1540913180.8575814, 1540913181.4837723], "episode_lengths": [134, 147, 137, 185, 175, 166, 198, 235, 191, 209, 134, 180, 167, 151, 169, 149, 170, 383, 142, 146, 138, 243, 140, 239, 136, 312, 135, 134, 128, 136, 139, 140, 150, 191, 132, 229, 210, 171, 132, 128, 154, 276, 172, 181, 305, 154, 130, 178, 138, 172, 233, 210, 137, 263, 182, 144, 123, 136, 191, 161, 160, 134, 141, 163, 147, 269, 181, 147, 143, 206, 272, 132, 169, 138, 265, 134, 184, 257, 130, 126, 253, 214, 206, 138, 177, 136, 133, 177, 243, 127, 129, 202, 129, 319, 200, 153, 133, 226, 187], "episode_rewards": [0.0, 0.0, 0.0, 1.0, 1.0, 1.0, 1.0, 2.0, 1.0, 2.0, 0.0, 1.0, 1.0, 0.0, 1.0, 0.0, 1.0, 5.0, 0.0, 0.0, 0.0, 3.0, 0.0, 3.0, 0.0, 5.0, 0.0, 0.0, 0.0, 0.0, 0.0, 0.0, 0.0, 2.0, 0.0, 2.0, 2.0, 1.0, 0.0, 0.0, 0.0, 3.0, 1.0, 1.0, 4.0, 1.0, 0.0, 1.0, 0.0, 1.0, 2.0, 2.0, 0.0, 3.0, 1.0, 0.0, 0.0, 0.0, 1.0, 1.0, 1.0, 0.0, 0.0, 0.0, 0.0, 3.0, 1.0, 0.0, 0.0, 2.0, 3.0, 0.0, 1.0, 0.0, 4.0, 0.0, 1.0, 4.0, 0.0, 0.0, 3.0, 2.0, 2.0, 0.0, 1.0, 0.0, 0.0, 1.0, 2.0, 0.0, 0.0, 2.0, 0.0, 5.0, 2.0, 1.0, 0.0, 2.0, 1.0], "episode_types": ["t", "t", "t", "t", "t", "t", "t", "t", "t", "t", "t", "t", "t", "t", "t", "t", "t", "t", "t", "t", "t", "t", "t", "t", "t", "t", "t", "t", "t", "t", "t", "t", "t", "t", "t", "t", "t", "t", "t", "t", "t", "t", "t", "t", "t", "t", "t", "t", "t", "t", "t", "t", "t", "t", "t", "t", "t", "t", "t", "t", "t", "t", "t", "t", "t", "t", "t", "t", "t", "t", "t", "t", "t", "t", "t", "t", "t", "t", "t", "t", "t", "t", "t", "t", "t", "t", "t", "t", "t", "t", "t", "t", "t", "t", "t", "t", "t", "t", "t", "t", "t"]}