{"initial_reset_timestamp": 1540913661.4083862, "timestamps": [1540913662.4356737], "episode_lengths": [187], "episode_rewards": [2.0], "episode_types": ["t", "t"]}