{"initial_reset_timestamp": 1540912904.2503593, "timestamps": [1540912905.0747876, 1540912905.5586689, 1540912905.9944518, 1540912906.656855, 1540912907.2064004, 1540912907.720101, 1540912908.5198722, 1540912909.2213151, 1540912909.9462066, 1540912910.6741276, 1540912911.3924034, 1540912911.8320642, 1540912912.3182132, 1540912912.794901, 1540912913.5107396, 1540912914.1909955, 1540912914.8621473, 1540912915.3520439, 1540912916.2504036, 1540912917.1763031, 1540912917.7133322, 1540912918.4863036, 1540912918.9741955, 1540912919.854469, 1540912920.326372, 1540912921.2209096, 1540912921.7237709, 1540912922.4110568, 1540912922.985784, 1540912923.5810397, 1540912924.1592264, 1540912924.5875254, 1540912925.174387, 1540912925.7708223, 1540912926.780078, 1540912927.7647579, 1540912928.2573159, 1540912928.7229853, 1540912929.1859233, 1540912929.6718915, 1540912930.4014027, 1540912931.083432, 1540912932.1066248, 1540912932.5650823, 1540912933.1492393, 1540912933.8273869, 1540912934.4154367, 1540912934.91651, 1540912935.5588076, 1540912935.998291, 1540912936.44908, 1540912936.9240239, 1540912937.8425467, 1540912938.4425988, 1540912938.8803182, 1540912939.4959092, 1540912939.9618254, 1540912940.3977146, 1540912940.9657316, 1540912941.7136307, 1540912942.2446005, 1540912942.7791414, 1540912943.3040366, 1540912943.8526816, 1540912944.255779, 1540912944.6769645, 1540912945.2565713, 1540912945.7122264, 1540912946.3029778, 1540912946.814268, 1540912947.9047375, 1540912948.3663456, 1540912948.9028287, 1540912949.4149063, 1540912950.5201886, 1540912951.5969062, 1540912952.104165, 1540912952.6937087, 1540912953.1884563, 1540912953.912388, 1540912954.726049, 1540912955.7447004, 1540912956.4349172, 1540912956.891728, 1540912957.4751809, 1540912958.0846663, 1540912958.8308506, 1540912959.619821, 1540912960.4781685, 1540912961.2313647, 1540912961.8590412, 1540912962.683172, 1540912963.1392891, 1540912964.13786, 1540912964.5822108, 1540912965.0755668, 1540912965.6109543, 1540912966.141421, 1540912966.628878], "episode_lengths": [135, 140, 124, 178, 156, 155, 242, 210, 216, 217, 203, 131, 145, 144, 215, 200, 186, 140, 260, 263, 151, 203, 137, 264, 139, 272, 149, 208, 175, 177, 174, 129, 178, 179, 308, 296, 135, 137, 130, 136, 207, 195, 268, 132, 177, 211, 180, 153, 199, 134, 133, 136, 281, 182, 133, 191, 144, 129, 174, 231, 162, 153, 156, 160, 122, 127, 179, 138, 183, 155, 305, 126, 145, 135, 287, 287, 135, 162, 131, 186, 208, 273, 203, 132, 155, 176, 216, 214, 224, 204, 165, 220, 136, 299, 127, 134, 141, 137, 126], "episode_rewards": [0.0, 0.0, 0.0, 1.0, 0.0, 0.0, 3.0, 2.0, 2.0, 2.0, 2.0, 0.0, 0.0, 0.0, 2.0, 2.0, 1.0, 0.0, 4.0, 3.0, 0.0, 2.0, 0.0, 3.0, 0.0, 3.0, 0.0, 2.0, 1.0, 1.0, 1.0, 0.0, 1.0, 1.0, 4.0, 4.0, 0.0, 0.0, 0.0, 0.0, 2.0, 2.0, 3.0, 0.0, 1.0, 2.0, 1.0, 1.0, 2.0, 0.0, 0.0, 0.0, 4.0, 1.0, 0.0, 1.0, 0.0, 0.0, 1.0, 2.0, 1.0, 1.0, 1.0, 1.0, 0.0, 0.0, 1.0, 0.0, 1.0, 1.0, 4.0, 0.0, 0.0, 0.0, 4.0, 3.0, 0.0, 1.0, 0.0, 1.0, 2.0, 3.0, 2.0, 0.0, 1.0, 1.0, 3.0, 2.0, 2.0, 2.0, 1.0, 2.0, 0.0, 4.0, 0.0, 0.0, 0.0, 0.0, 0.0], "episode_types": ["t", "t", "t", "t", "t", "t", "t", "t", "t", "t", "t", "t", "t", "t", "t", "t", "t", "t", "t", "t", "t", "t", "t", "t", "t", "t", "t", "t", "t", "t", "t", "t", "t", "t", "t", "t", "t", "t", "t", "t", "t", "t", "t", "t", "t", "t", "t", "t", "t", "t", "t", "t", "t", "t", "t", "t", "t", "t", "t", "t", "t", "t", "t", "t", "t", "t", "t", "t", "t", "t", "t", "t", "t", "t", "t", "t", "t", "t", "t", "t", "t", "t", "t", "t", "t", "t", "t", "t", "t", "t", "t", "t", "t", "t", "t", "t", "t", "t", "t", "t", "t"]}