{"initial_reset_timestamp": 1540913064.0803444, "timestamps": [1540913066.2085125, 1540913066.785507, 1540913067.3408127, 1540913068.0684605, 1540913068.8146448, 1540913069.2915566, 1540913069.7729115], "episode_lengths": [217, 162, 158, 207, 209, 136, 135], "episode_rewards": [2.0, 1.0, 1.0, 2.0, 2.0, 0.0, 0.0], "episode_types": ["t", "t", "t", "t", "t", "t", "t", "t", "t"]}