{"initial_reset_timestamp": 1540918448.038762, "timestamps": [1540918449.4179327, 1540918449.8857045, 1540918450.3770382, 1540918451.104273, 1540918451.7931275, 1540918452.3029263, 1540918452.763957, 1540918454.2243843, 1540918454.7271268, 1540918455.4164495, 1540918456.0516784, 1540918456.5642855, 1540918457.1264412, 1540918457.7830331, 1540918458.3615253, 1540918458.797832, 1540918459.2898533, 1540918459.7379913, 1540918460.190635, 1540918461.0332956, 1540918461.486364, 1540918462.208828, 1540918462.687203, 1540918463.2721112, 1540918463.9503229, 1540918464.73655, 1540918465.605623, 1540918466.1181903, 1540918467.4248602, 1540918468.060992, 1540918468.8912928, 1540918469.4270163, 1540918470.1173506, 1540918470.813565, 1540918471.4784117, 1540918471.9599092, 1540918472.678403, 1540918473.454326, 1540918474.4461992, 1540918475.0418267, 1540918475.5103047, 1540918476.1390653, 1540918476.9301045, 1540918477.647562, 1540918478.4603415, 1540918479.4007974, 1540918479.886661, 1540918480.383164, 1540918481.040309, 1540918481.7165713, 1540918482.4550555, 1540918482.9215715, 1540918483.3964713, 1540918484.3668454, 1540918484.8573227, 1540918485.3767364, 1540918485.8429127, 1540918486.3950703, 1540918487.193981, 1540918487.6557534, 1540918488.1503594, 1540918488.8218668, 1540918489.300996, 1540918490.188969, 1540918490.942843, 1540918491.6936898, 1540918492.1796052, 1540918492.7737355, 1540918493.4493175, 1540918494.2057693, 1540918494.8907547, 1540918495.3538167, 1540918495.8308797, 1540918496.2950823, 1540918497.0875978, 1540918497.565399, 1540918498.4924643, 1540918499.1145918, 1540918499.774311, 1540918500.6072307, 1540918501.0496457, 1540918501.5950027, 1540918502.0600004, 1540918502.5635312, 1540918503.049536, 1540918503.5376341, 1540918504.028851, 1540918505.1362576, 1540918505.9747777, 1540918506.5611067, 1540918507.0442762, 1540918507.4926136, 1540918508.2198844, 1540918508.861495, 1540918509.6386957, 1540918510.1579142, 1540918510.858871, 1540918511.534843, 1540918512.261931, 1540918513.0861423, 1540918513.5555406, 1540918514.129354, 1540918514.8990793, 1540918515.494129, 1540918516.1518264, 1540918516.7386494, 1540918517.2130756, 1540918517.723376, 1540918518.2966032, 1540918519.6516593, 1540918520.3087656, 1540918520.9682338, 1540918521.4457598, 1540918522.1250718, 1540918522.810811, 1540918523.6221921, 1540918524.269078, 1540918525.0091233, 1540918525.5132823, 1540918526.7044706, 1540918527.2770472, 1540918527.739335, 1540918528.2234664, 1540918528.7708113, 1540918529.790226, 1540918530.2863529, 1540918530.7923548, 1540918531.330642, 1540918531.9645164, 1540918532.4535925, 1540918533.279829, 1540918533.7589803, 1540918534.280652, 1540918535.0453458, 1540918535.6238794, 1540918536.090163, 1540918536.7363005, 1540918537.4564185, 1540918537.9453552, 1540918538.754417, 1540918539.2634232, 1540918539.8975832, 1540918540.7875218, 1540918541.2791758, 1540918541.7313297, 1540918542.4922063, 1540918543.104586, 1540918543.7530463, 1540918544.232167, 1540918544.695861, 1540918545.4633908, 1540918546.392518, 1540918546.8621657, 1540918547.5714078, 1540918548.120829, 1540918548.7558277, 1540918549.3280609, 1540918549.8388324, 1540918550.3060558, 1540918550.9356275, 1540918551.490856, 1540918552.088807, 1540918552.747953, 1540918553.387865, 1540918553.8485715, 1540918554.5365834, 1540918555.3396192, 1540918556.1072738, 1540918556.6865456, 1540918557.1794806, 1540918557.6355114, 1540918558.095663, 1540918558.828246, 1540918559.405301, 1540918559.9635484, 1540918560.8373075, 1540918561.416567, 1540918562.069675, 1540918562.5604992, 1540918563.1830528, 1540918563.6922581, 1540918564.756068, 1540918565.238902, 1540918566.0383806, 1540918566.6244192, 1540918567.4519346, 1540918568.1399922, 1540918568.990049, 1540918569.4825323, 1540918570.1301448, 1540918570.745537, 1540918571.5763156, 1540918572.0711231, 1540918572.5734446, 1540918573.1551614, 1540918573.6612425, 1540918574.1275806, 1540918574.6156185, 1540918575.2622757, 1540918576.2425213, 1540918576.8557785, 1540918577.6748755, 1540918578.1679375, 1540918578.8350642, 1540918579.8349955, 1540918580.4420528, 1540918581.084765, 1540918581.9981017, 1540918582.9435518, 1540918583.7268999, 1540918584.275438, 1540918585.0652602, 1540918585.553844, 1540918586.0579135, 1540918586.7293978], "episode_lengths": [160, 126, 137, 193, 192, 139, 129, 302, 138, 195, 179, 143, 159, 185, 161, 123, 139, 126, 127, 229, 128, 201, 132, 158, 175, 208, 135, 124, 332, 167, 219, 139, 180, 183, 168, 129, 202, 208, 278, 164, 122, 167, 216, 199, 219, 261, 133, 138, 182, 184, 209, 132, 136, 275, 138, 148, 130, 156, 228, 131, 137, 190, 136, 140, 209, 212, 133, 165, 190, 214, 192, 129, 134, 131, 222, 134, 262, 174, 187, 234, 124, 155, 131, 141, 134, 138, 139, 313, 238, 165, 136, 126, 206, 181, 220, 146, 200, 190, 207, 234, 130, 164, 220, 166, 187, 167, 135, 142, 164, 387, 185, 188, 136, 192, 195, 232, 182, 209, 142, 340, 162, 131, 133, 156, 166, 133, 141, 152, 177, 135, 234, 133, 147, 214, 164, 130, 179, 202, 137, 226, 144, 177, 250, 138, 127, 215, 170, 184, 136, 130, 214, 264, 131, 197, 155, 179, 157, 144, 132, 179, 153, 166, 185, 168, 128, 193, 225, 214, 162, 137, 128, 127, 207, 163, 155, 248, 162, 182, 138, 175, 144, 300, 136, 227, 162, 233, 194, 238, 138, 182, 172, 235, 138, 138, 164, 141, 131, 136, 181, 278, 169, 232, 138, 188, 282, 171, 180, 257, 268, 220, 153, 224, 135, 141, 189], "episode_rewards": [1.0, 0.0, 0.0, 1.0, 1.0, 0.0, 0.0, 4.0, 0.0, 1.0, 1.0, 0.0, 1.0, 1.0, 1.0, 0.0, 0.0, 0.0, 0.0, 3.0, 0.0, 2.0, 0.0, 1.0, 1.0, 2.0, 0.0, 0.0, 5.0, 1.0, 2.0, 0.0, 1.0, 1.0, 1.0, 0.0, 1.0, 2.0, 3.0, 1.0, 0.0, 1.0, 2.0, 2.0, 2.0, 3.0, 0.0, 0.0, 1.0, 2.0, 2.0, 0.0, 0.0, 3.0, 0.0, 0.0, 0.0, 1.0, 2.0, 0.0, 0.0, 1.0, 0.0, 0.0, 2.0, 2.0, 0.0, 1.0, 2.0, 2.0, 1.0, 0.0, 0.0, 0.0, 2.0, 0.0, 3.0, 1.0, 1.0, 2.0, 0.0, 1.0, 0.0, 0.0, 0.0, 0.0, 0.0, 4.0, 3.0, 1.0, 0.0, 0.0, 2.0, 1.0, 2.0, 0.0, 2.0, 1.0, 2.0, 2.0, 0.0, 1.0, 2.0, 1.0, 1.0, 1.0, 0.0, 0.0, 1.0, 7.0, 1.0, 1.0, 0.0, 1.0, 2.0, 3.0, 1.0, 2.0, 0.0, 6.0, 1.0, 0.0, 0.0, 1.0, 1.0, 0.0, 0.0, 1.0, 1.0, 0.0, 3.0, 0.0, 0.0, 2.0, 1.0, 0.0, 1.0, 2.0, 0.0, 2.0, 0.0, 1.0, 3.0, 0.0, 0.0, 2.0, 1.0, 2.0, 0.0, 0.0, 2.0, 3.0, 0.0, 2.0, 0.0, 1.0, 1.0, 0.0, 0.0, 1.0, 0.0, 1.0, 1.0, 1.0, 0.0, 1.0, 2.0, 2.0, 1.0, 0.0, 0.0, 0.0, 2.0, 1.0, 1.0, 3.0, 1.0, 1.0, 0.0, 1.0, 0.0, 4.0, 0.0, 2.0, 1.0, 2.0, 2.0, 3.0, 0.0, 1.0, 1.0, 2.0, 0.0, 0.0, 1.0, 0.0, 0.0, 0.0, 1.0, 3.0, 1.0, 2.0, 0.0, 1.0, 4.0, 1.0, 1.0, 3.0, 3.0, 2.0, 1.0, 2.0, 0.0, 0.0, 1.0], "episode_types": ["t", "t", "t", "t", "t", "t", "t", "t", "t", "t", "t", "t", "t", "t", "t", "t", "t", "t", "t", "t", "t", "t", "t", "t", "t", "t", "t", "t", "t", "t", "t", "t", "t", "t", "t", "t", "t", "t", "t", "t", "t", "t", "t", "t", "t", "t", "t", "t", "t", "t", "t", "t", "t", "t", "t", "t", "t", "t", "t", "t", "t", "t", "t", "t", "t", "t", "t", "t", "t", "t", "t", "t", "t", "t", "t", "t", "t", "t", "t", "t", "t", "t", "t", "t", "t", "t", "t", "t", "t", "t", "t", "t", "t", "t", "t", "t", "t", "t", "t", "t", "t", "t", "t", "t", "t", "t", "t", "t", "t", "t", "t", "t", "t", "t", "t", "t", "t", "t", "t", "t", "t", "t", "t", "t", "t", "t", "t", "t", "t", "t", "t", "t", "t", "t", "t", "t", "t", "t", "t", "t", "t", "t", "t", "t", "t", "t", "t", "t", "t", "t", "t", "t", "t", "t", "t", "t", "t", "t", "t", "t", "t", "t", "t", "t", "t", "t", "t", "t", "t", "t", "t", "t", "t", "t", "t", "t", "t", "t", "t", "t", "t", "t", "t", "t", "t", "t", "t", "t", "t", "t", "t", "t", "t", "t", "t", "t", "t", "t", "t", "t", "t", "t", "t", "t", "t", "t", "t", "t", "t", "t", "t", "t", "t", "t", "t", "t", "t"]}