{"initial_reset_timestamp": 1540916057.9129164, "timestamps": [1540916058.7186081, 1540916059.4734428, 1540916059.958499, 1540916060.5683377, 1540916061.0378292, 1540916061.55049, 1540916061.9971719, 1540916062.4614003, 1540916063.5006454, 1540916064.1186035, 1540916064.7755692, 1540916065.3656008, 1540916065.9784458, 1540916066.5318456, 1540916067.1188452, 1540916067.6262913, 1540916068.1871927, 1540916068.7501035, 1540916069.4090006, 1540916070.082426, 1540916070.6660173, 1540916071.24072, 1540916071.999244, 1540916072.4857228, 1540916073.0858657, 1540916073.804845, 1540916074.835525, 1540916075.6300182, 1540916076.3218055, 1540916077.0490227, 1540916077.537959, 1540916078.1557763, 1540916078.6459858, 1540916079.288569, 1540916080.0101604, 1540916080.7729256, 1540916081.520266, 1540916081.9707196, 1540916082.5649052, 1540916083.359343, 1540916083.9469686, 1540916084.427013, 1540916085.31849, 1540916085.918692, 1540916086.6367214, 1540916087.7507207, 1540916088.2237878, 1540916089.0432348, 1540916089.7728019, 1540916090.2353134, 1540916090.9016824, 1540916091.3913057, 1540916091.8788998, 1540916092.4672089, 1540916092.976472, 1540916093.4817114, 1540916094.0841932, 1540916094.55929, 1540916095.1823258, 1540916096.0890002, 1540916096.5362213, 1540916097.3001125, 1540916097.77483, 1540916098.638421, 1540916099.4146492, 1540916100.0491552, 1540916100.5366263, 1540916101.3270583, 1540916101.9631107, 1540916102.4476929, 1540916103.0609026, 1540916103.6449978, 1540916104.4379046, 1540916104.9022553, 1540916105.506618, 1540916106.3227305, 1540916106.884837, 1540916107.4005263, 1540916108.1138036, 1540916108.5761766, 1540916109.0395355, 1540916109.791679, 1540916110.4383345, 1540916110.916108, 1540916111.393479, 1540916111.9886067, 1540916112.4702494, 1540916113.128039, 1540916114.0856507, 1540916114.59149, 1540916115.0859172, 1540916115.652387, 1540916116.4842358, 1540916117.3672202, 1540916118.0560992, 1540916118.9365406, 1540916119.4017692, 1540916119.949721, 1540916120.5182283, 1540916121.5312152, 1540916122.2005455, 1540916122.7134628, 1540916123.210301, 1540916123.7178962, 1540916124.3192391, 1540916125.0552473, 1540916125.5713193, 1540916126.0943365, 1540916126.5886078, 1540916127.3851972, 1540916128.1538997, 1540916129.3208673, 1540916129.9489954, 1540916130.6488006, 1540916131.4008038, 1540916131.9400897, 1540916132.617427, 1540916133.0896857, 1540916133.5439453, 1540916134.3876393, 1540916135.1289122, 1540916135.6358852, 1540916136.2230203, 1540916136.8076131, 1540916137.5213342, 1540916138.5064418, 1540916139.3308928, 1540916139.9798565, 1540916140.6428802, 1540916141.2422185, 1540916141.7345889, 1540916142.2978146, 1540916142.848104, 1540916143.6000483, 1540916144.06709, 1540916144.688133, 1540916145.1911995, 1540916145.8343067, 1540916146.287218, 1540916146.76538, 1540916147.5009432, 1540916148.1102164, 1540916148.589777, 1540916149.071261, 1540916149.5527208, 1540916150.113237, 1540916150.5925398, 1540916151.074399, 1540916151.6829581, 1540916152.2964547, 1540916152.8479686, 1540916153.6630566, 1540916154.1656578, 1540916154.6605554, 1540916155.2810009, 1540916155.888247, 1540916156.638813, 1540916157.3333879, 1540916158.0249822, 1540916158.5247705, 1540916159.0920238, 1540916159.745037, 1540916160.408821, 1540916160.905209, 1540916161.6856966, 1540916162.2203574, 1540916162.9563036, 1540916163.7303112, 1540916164.2280064, 1540916164.7155917, 1540916165.3361163, 1540916166.1243987, 1540916166.5983255, 1540916167.4423213, 1540916167.925212, 1540916168.5044215, 1540916169.2851005, 1540916169.7652164, 1540916170.3193917, 1540916170.889653, 1540916171.4099123, 1540916172.0441318, 1540916172.7207124, 1540916173.2355587, 1540916174.076783, 1540916174.6652963, 1540916175.5005348, 1540916176.3888297, 1540916176.856797, 1540916177.374113, 1540916177.9378455, 1540916178.937595, 1540916179.4653914, 1540916179.944768, 1540916180.42473, 1540916180.891627, 1540916181.3644738, 1540916181.8858435, 1540916182.4190912], "episode_lengths": [131, 215, 138, 175, 129, 145, 125, 131, 294, 176, 187, 165, 174, 157, 168, 141, 159, 159, 185, 190, 165, 164, 213, 137, 170, 202, 295, 226, 196, 206, 139, 174, 140, 181, 199, 213, 207, 128, 166, 226, 165, 133, 255, 170, 201, 319, 133, 232, 208, 129, 188, 137, 139, 167, 142, 144, 169, 134, 176, 257, 125, 215, 133, 245, 219, 179, 137, 223, 177, 133, 162, 158, 218, 128, 167, 223, 156, 143, 201, 131, 129, 212, 184, 133, 135, 166, 136, 186, 269, 144, 139, 159, 236, 252, 193, 249, 131, 154, 159, 161, 184, 133, 131, 133, 156, 186, 134, 137, 130, 213, 207, 313, 175, 195, 210, 152, 190, 130, 127, 239, 208, 142, 158, 158, 194, 279, 230, 183, 186, 166, 137, 158, 156, 209, 131, 176, 141, 180, 128, 134, 206, 172, 133, 134, 133, 156, 135, 135, 170, 170, 156, 232, 140, 138, 175, 170, 209, 196, 194, 138, 160, 184, 184, 139, 205, 149, 205, 217, 140, 135, 175, 222, 131, 238, 135, 163, 218, 133, 156, 158, 145, 178, 192, 143, 237, 165, 233, 251, 131, 143, 159, 284, 145, 136, 135, 131, 130, 145, 151], "episode_rewards": [0.0, 2.0, 0.0, 1.0, 0.0, 0.0, 0.0, 0.0, 8.0, 1.0, 2.0, 1.0, 1.0, 1.0, 1.0, 0.0, 1.0, 1.0, 1.0, 2.0, 1.0, 1.0, 2.0, 0.0, 1.0, 2.0, 4.0, 2.0, 2.0, 2.0, 0.0, 1.0, 0.0, 1.0, 2.0, 2.0, 2.0, 0.0, 1.0, 2.0, 1.0, 0.0, 3.0, 1.0, 2.0, 4.0, 0.0, 2.0, 2.0, 0.0, 1.0, 0.0, 0.0, 1.0, 0.0, 0.0, 1.0, 0.0, 1.0, 3.0, 0.0, 2.0, 0.0, 3.0, 2.0, 1.0, 0.0, 2.0, 1.0, 0.0, 1.0, 1.0, 3.0, 0.0, 1.0, 2.0, 1.0, 0.0, 2.0, 0.0, 0.0, 2.0, 2.0, 0.0, 0.0, 1.0, 0.0, 1.0, 3.0, 0.0, 0.0, 1.0, 2.0, 3.0, 1.0, 3.0, 0.0, 0.0, 0.0, 1.0, 1.0, 0.0, 0.0, 0.0, 1.0, 2.0, 0.0, 0.0, 0.0, 2.0, 2.0, 4.0, 1.0, 2.0, 2.0, 0.0, 1.0, 0.0, 0.0, 3.0, 2.0, 0.0, 1.0, 1.0, 1.0, 3.0, 2.0, 1.0, 2.0, 1.0, 0.0, 1.0, 1.0, 2.0, 0.0, 1.0, 0.0, 1.0, 0.0, 0.0, 2.0, 1.0, 0.0, 0.0, 0.0, 0.0, 0.0, 0.0, 1.0, 1.0, 1.0, 2.0, 0.0, 0.0, 1.0, 1.0, 2.0, 1.0, 2.0, 0.0, 1.0, 1.0, 1.0, 0.0, 2.0, 0.0, 2.0, 2.0, 0.0, 0.0, 1.0, 2.0, 0.0, 2.0, 0.0, 1.0, 2.0, 0.0, 1.0, 1.0, 0.0, 1.0, 1.0, 0.0, 2.0, 1.0, 3.0, 3.0, 0.0, 0.0, 1.0, 3.0, 0.0, 0.0, 0.0, 0.0, 0.0, 0.0, 0.0], "episode_types": ["t", "t", "t", "t", "t", "t", "t", "t", "t", "t", "t", "t", "t", "t", "t", "t", "t", "t", "t", "t", "t", "t", "t", "t", "t", "t", "t", "t", "t", "t", "t", "t", "t", "t", "t", "t", "t", "t", "t", "t", "t", "t", "t", "t", "t", "t", "t", "t", "t", "t", "t", "t", "t", "t", "t", "t", "t", "t", "t", "t", "t", "t", "t", "t", "t", "t", "t", "t", "t", "t", "t", "t", "t", "t", "t", "t", "t", "t", "t", "t", "t", "t", "t", "t", "t", "t", "t", "t", "t", "t", "t", "t", "t", "t", "t", "t", "t", "t", "t", "t", "t", "t", "t", "t", "t", "t", "t", "t", "t", "t", "t", "t", "t", "t", "t", "t", "t", "t", "t", "t", "t", "t", "t", "t", "t", "t", "t", "t", "t", "t", "t", "t", "t", "t", "t", "t", "t", "t", "t", "t", "t", "t", "t", "t", "t", "t", "t", "t", "t", "t", "t", "t", "t", "t", "t", "t", "t", "t", "t", "t", "t", "t", "t", "t", "t", "t", "t", "t", "t", "t", "t", "t", "t", "t", "t", "t", "t", "t", "t", "t", "t", "t", "t", "t", "t", "t", "t", "t", "t", "t", "t", "t", "t", "t", "t", "t", "t", "t", "t", "t", "t"]}